Tempo de Residência (s),1/Ct
0.0000,0.00863
21.2539,0.00820
42.5078,0.00782
63.7616,0.00727