Tempo de Residência,ln [C]
"0.0000","3.912023005"
"21.2500","3.676300672"
"42.5100","3.374168709"
"63.7600","3.010620886"