Tempo de Residência,ln [C]
0,"3.325036021"
"21.2539","2.360854001"
"42.5078","2.151762203"
"63.7616","0.6931471806"