Tempo de Residência,1/Ct
0,"0.03597122302"
"21.2539","0.09433962264"
"42.5078","0.1162790698"
"63.7616","0.5"