Tempo de Residência,1/Ct
0,"0.02"
"21.2500","0.0253164557"
"42.5100","0.03424657534"
"63.7600","0.04926108374"